Title,Media URL,Pinterest board,Thumbnail,Description,Link,Publish date,Keywords
Authentic Kolhapuri Chappals for Women: Timeless Indian Footwear,https://styvorafashion.com/kolhapurichappalsforwomenethnicsandals/images/authentic-kolhapuri-chappals-for-women-timeless-indian-footwear.jpg,Kolhapuri Chappals for Women | Ethnic Sandals,,"Discover handcrafted Kolhapuri Chappals for women, blending tradition with modern style. Perfect ethnic footwear for any occasion, these authentic Indian chappals offer comfort & unique charm. Shop the latest collection of traditional Kolhapuris and step out in style, celebrating India's rich heritage. 

 #KolhapuriChappals #IndianFootwear #EthnicFashion #WomenFashionIndia #Handcrafted #TraditionalChappals #ComfortStyle #MadeInIndia",https://styvorafashion.com/kolhapurichappalsforwomenethnicsandals/authentic-kolhapuri-chappals-for-women-timeless-indian-footwear.html,,Kolhapuri Chappals for Women | Ethnic Sandals
Exquisite Embroidered Juttis: Traditional Indian Flats for Women,https://styvorafashion.com/kolhapurichappalsforwomenethnicsandals/images/exquisite-embroidered-juttis-traditional-indian-flats-for-women.jpg,Kolhapuri Chappals for Women | Ethnic Sandals,,"Elevate your style with these stunning embroidered juttis! Handcrafted with intricate patterns & a chic scalloped design, these traditional Indian flats offer comfort & elegance. Perfect for festive occasions, weddings, or adding ethnic charm to daily wear. Shop women's juttis online for a touch of timeless Indian fashion. 

 #Juttis #Mojaris #IndianFlats #EthnicFootwear #WomensFashionIndia #Handcrafted #FestiveWear #TraditionalShoes #Embroidery",https://styvorafashion.com/kolhapurichappalsforwomenethnicsandals/exquisite-embroidered-juttis-traditional-indian-flats-for-women.html,,Kolhapuri Chappals for Women | Ethnic Sandals
Walk in Style: Anouk Kolhapuri Chappals for Women | Ethnic Leather Sandals,https://styvorafashion.com/kolhapurichappalsforwomenethnicsandals/images/walk-in-style-anouk-kolhapuri-chappals-for-women-ethnic-leather-sandals.jpg,Kolhapuri Chappals for Women | Ethnic Sandals,,"Discover authentic Kolhapuri Chappals for women from Anouk. Handcrafted in rich brown leather with intricate details, these ethnic sandals blend tradition with modern style. Perfect for daily wear or festive occasions in India, offering comfort & timeless elegance. Shop the best of Indian traditional footwear. 

 #KolhapuriChappals #IndianFootwear #WomensSandals #EthnicFashion #Handcrafted #LeatherSandals #AnoukFashion #IndiaStyle",https://styvorafashion.com/kolhapurichappalsforwomenethnicsandals/walk-in-style-anouk-kolhapuri-chappals-for-women-ethnic-leather-sandals.html,,Kolhapuri Chappals for Women | Ethnic Sandals
Elegance in Every Step: Shop Women's Gold Work Juttis & Mojaris,https://styvorafashion.com/kolhapurichappalsforwomenethnicsandals/images/elegance-in-every-step-shop-women-s-gold-work-juttis-mojaris.jpg,Kolhapuri Chappals for Women | Ethnic Sandals,,"Elevate your ethnic look with our stunning gold-embellished juttis for women. Featuring intricate embroidery & mirror work on a cream base, these handcrafted juttis offer traditional charm & festive sparkle. Perfect for celebrations, weddings, or everyday elegance. Pair with your favorite Indian suits or lehengas. Shop exquisite ladies' Mojaris today! 

 #Juttis #Mojaris #IndianFootwear #EthnicWear #HandcraftedJuttis #FestiveFashion #WomenFashionIndia #EmbroideredShoes #TraditionalShoes",https://styvorafashion.com/kolhapurichappalsforwomenethnicsandals/elegance-in-every-step-shop-women-s-gold-work-juttis-mojaris.html,,Kolhapuri Chappals for Women | Ethnic Sandals
Effortless Ethnic Chic: Vibrant Kolhapuri Chappals for Indian Women,https://styvorafashion.com/kolhapurichappalsforwomenethnicsandals/images/effortless-ethnic-chic-vibrant-kolhapuri-chappals-for-indian-women.jpg,Kolhapuri Chappals for Women | Ethnic Sandals,,"Discover our stunning Kolhapuri Chappals for women! Featuring a radiant golden finish & vibrant rainbow-hued woven straps, these handcrafted beauties blend tradition with modern style. Perfect for Indian ethnic wear & everyday comfort. Elevate your footwear game with a touch of authentic charm. 

 #KolhapuriChappals #IndianFashion #WomensFootwear #EthnicStyle #Handcrafted #MadeInIndia #FashionIndia #ComfortChic",https://styvorafashion.com/kolhapurichappalsforwomenethnicsandals/effortless-ethnic-chic-vibrant-kolhapuri-chappals-for-indian-women.html,,Kolhapuri Chappals for Women | Ethnic Sandals
Chic Grey Embroidered Kolhapuri Chappals for Women | Indian Ethnic Flats,https://styvorafashion.com/kolhapurichappalsforwomenethnicsandals/images/chic-grey-embroidered-kolhapuri-chappals-for-women-indian-ethnic-flats.jpg,Kolhapuri Chappals for Women | Ethnic Sandals,,"Elevate your everyday style with our elegant grey Kolhapuri Chappals for women. These contemporary closed-toe flats feature exquisite golden embroidery, blending traditional Indian craftsmanship with modern comfort. Perfect versatile footwear to pair with jeans or ethnic wear for a touch of refined Indian fashion. 

 #KolhapuriChappals #WomensFootwear #IndianFashion #EthnicFlats #EmbroideredShoes #ZariWork #FashionIndia #ShopNow",https://styvorafashion.com/kolhapurichappalsforwomenethnicsandals/chic-grey-embroidered-kolhapuri-chappals-for-women-indian-ethnic-flats.html,,Kolhapuri Chappals for Women | Ethnic Sandals
Sparkling Kolhapuri Chappals for Women | Embellished Festive Flats,https://styvorafashion.com/kolhapurichappalsforwomenethnicsandals/images/sparkling-kolhapuri-chappals-for-women-embellished-festive-flats.jpg,Kolhapuri Chappals for Women | Ethnic Sandals,,"Discover our dazzling Kolhapuri Chappals for women! Featuring sparkling rhinestone straps & elegant gold-tone trim, these embellished flats offer ultimate comfort and festive flair. Perfect for ethnic occasions, daily wear, or adding a touch of Indian glam to your ensemble. Elevate your footwear collection with HEIGHTENL. 

 #KolhapuriChappals #WomensFashion #EthnicFootwear #FestiveFlats #EmbellishedSandals #IndianFashion #HeightenL #ChicFootwear",https://styvorafashion.com/kolhapurichappalsforwomenethnicsandals/sparkling-kolhapuri-chappals-for-women-embellished-festive-flats.html,,Kolhapuri Chappals for Women | Ethnic Sandals
Shop Maroon Kolhapuri Chappals for Women | Traditional Indian Footwear,https://styvorafashion.com/kolhapurichappalsforwomenethnicsandals/images/shop-maroon-kolhapuri-chappals-for-women-traditional-indian-footwear.jpg,Kolhapuri Chappals for Women | Ethnic Sandals,,"Step into tradition with our stunning maroon Kolhapuri chappals for women. These handcrafted Indian sandals feature intricate gold-toned detailing, offering unmatched comfort & ethnic elegance. Perfect for festive occasions or daily wear, embrace the heritage style. Find your perfect pair and elevate your Indian fashion look. 

 #KolhapuriChappals #WomensFootwear #IndianFashion #EthnicSandals #MaroonChappals #TraditionalStyle #FashionIndia",https://styvorafashion.com/kolhapurichappalsforwomenethnicsandals/shop-maroon-kolhapuri-chappals-for-women-traditional-indian-footwear.html,,Kolhapuri Chappals for Women | Ethnic Sandals
Chic Nude Kolhapuri Chappals for Women | SSTEPUP Ethnic Flats,https://styvorafashion.com/kolhapurichappalsforwomenethnicsandals/images/chic-nude-kolhapuri-chappals-for-women-sstepup-ethnic-flats.jpg,Kolhapuri Chappals for Women | Ethnic Sandals,,"Step into style with SSTEPUP's chic nude Kolhapuri chappals for women. These comfortable ethnic flats feature intricate laser-cut designs & a modern twist, perfect for daily wear or festive occasions. Elevate your Indian fashion effortlessly. 

 #KolhapuriChappals #WomensFootwear #EthnicFlats #SSTEPUP #IndianFashion #NudeSandals #ComfortChappals #FashionIndia",https://styvorafashion.com/kolhapurichappalsforwomenethnicsandals/chic-nude-kolhapuri-chappals-for-women-sstepup-ethnic-flats.html,,Kolhapuri Chappals for Women | Ethnic Sandals
Classic Tan Kolhapuri Chappals for Women | Ethnic & Comfortable,https://styvorafashion.com/kolhapurichappalsforwomenethnicsandals/images/classic-tan-kolhapuri-chappals-for-women-ethnic-comfortable.jpg,Kolhapuri Chappals for Women | Ethnic Sandals,,"Step into tradition & comfort with our exquisite tan Kolhapuri Chappals for women. Handcrafted with intricate laser-cut details & a braided toe strap, these sandals offer a blend of ethnic charm & modern style. Perfect for daily wear, festive occasions, or pairing with your favorite Indian outfits. Elevate your look! 

 #KolhapuriChappals #WomenFootwear #IndianFashion #EthnicWear #TanSandals #TraditionalFootwear #ComfortStyle #MadeInIndia",https://styvorafashion.com/kolhapurichappalsforwomenethnicsandals/classic-tan-kolhapuri-chappals-for-women-ethnic-comfortable.html,,Kolhapuri Chappals for Women | Ethnic Sandals
Pink Kolhapuri Chappals for Women: Shimmer & Style,https://styvorafashion.com/kolhapurichappalsforwomenethnicsandals/images/pink-kolhapuri-chappals-for-women-shimmer-style.jpg,Kolhapuri Chappals for Women | Ethnic Sandals,,"Step out in elegance with our stunning pink Kolhapuri Chappals for women. Handcrafted with a delicate braided strap and subtle shimmer, these traditional Indian sandals offer unmatched comfort & style. Perfect for festive occasions or daily ethnic wear, elevate your fashion effortlessly. Shop the latest Kolhapuri footwear trends. 

 #KolhapuriChappals #WomensFootwear #EthnicFashion #IndianSandals #PinkChappals #TraditionalFootwear #HandcraftedFootwear #FashionIndia #ComfortStyle",https://styvorafashion.com/kolhapurichappalsforwomenethnicsandals/pink-kolhapuri-chappals-for-women-shimmer-style.html,,Kolhapuri Chappals for Women | Ethnic Sandals
Elevate Your Style: Silver Braided Kolhapuri Chappals for Women,https://styvorafashion.com/kolhapurichappalsforwomenethnicsandals/images/elevate-your-style-silver-braided-kolhapuri-chappals-for-women.jpg,Kolhapuri Chappals for Women | Ethnic Sandals,,"Step into tradition with our stunning Silver Braided Kolhapuri Chappals for women. These handcrafted Indian sandals offer a perfect blend of ethnic charm & contemporary style, ideal for any outfit. Experience comfort & heritage with every step. Shop the trendiest Kolhapuri chappals in India! 

 #KolhapuriChappals #WomensFootwear #IndianFashion #EthnicChappals #Handcrafted #TraditionalSandals #SilverFootwear #FashionIndia #StylishKolhapuris",https://styvorafashion.com/kolhapurichappalsforwomenethnicsandals/elevate-your-style-silver-braided-kolhapuri-chappals-for-women.html,,Kolhapuri Chappals for Women | Ethnic Sandals
Sparkle & Tradition: Shop Kolhapuri Chappals for Women & Festive Flats,https://styvorafashion.com/kolhapurichappalsforwomenethnicsandals/images/sparkle-tradition-shop-kolhapuri-chappals-for-women-festive-flats.jpg,Kolhapuri Chappals for Women | Ethnic Sandals,,"Dazzle in our exquisite range of festive Kolhapuri Chappals & embellished flats for women. Featuring intricate silver work & pearls, these traditional Indian footwear styles add a touch of glamour to any ethnic outfit. Perfect for weddings, festivals, or parties. Explore handcrafted designs today! 

 #KolhapuriChappals #WomensFootwear #IndianFashion #FestiveFlats #EmbellishedShoes #Juttis #TraditionalFootwear",https://styvorafashion.com/kolhapurichappalsforwomenethnicsandals/sparkle-tradition-shop-kolhapuri-chappals-for-women-festive-flats.html,,Kolhapuri Chappals for Women | Ethnic Sandals
Stylish Kolhapuri Chappals for Women | Traditional Indian Footwear,https://styvorafashion.com/kolhapurichappalsforwomenethnicsandals/images/stylish-kolhapuri-chappals-for-women-traditional-indian-footwear.jpg,Kolhapuri Chappals for Women | Ethnic Sandals,,"Discover our stunning collection of Kolhapuri Chappals for women. Handcrafted with authentic leather & traditional designs, these stylish Indian sandals are perfect for ethnic wear & everyday elegance. Shop the latest trends in Kolhapuri footwear, celebrating heritage and comfort. Elevate your style with genuine Kolhapuri craftsmanship. 

 #KolhapuriChappals #IndianFootwear #WomensFashionIndia #EthnicWear #TraditionalFootwear #HandcraftedIndia #FashionIndia #KolhapuriStyle #ComfortFashion #IndianSandals",https://styvorafashion.com/kolhapurichappalsforwomenethnicsandals/stylish-kolhapuri-chappals-for-women-traditional-indian-footwear.html,,Kolhapuri Chappals for Women | Ethnic Sandals
Elevate Your Everyday: Authentic Kolhapuri Chappals for Women,https://styvorafashion.com/kolhapurichappalsforwomenethnicsandals/images/elevate-your-everyday-authentic-kolhapuri-chappals-for-women.jpg,Kolhapuri Chappals for Women | Ethnic Sandals,,"Step out in timeless elegance with our handcrafted Kolhapuri Chappals for women. These traditional Indian sandals, featured here in a chic pink, perfectly complement your ethnic wear and everyday style. Experience comfort and heritage in every step. Shop the finest Kolhapuri footwear for a touch of authentic charm. 

 #KolhapuriChappals #WomensFootwear #IndianFashion #EthnicWear #HandcraftedSandals #TraditionalFlats #FashionIndia",https://styvorafashion.com/kolhapurichappalsforwomenethnicsandals/elevate-your-everyday-authentic-kolhapuri-chappals-for-women.html,,Kolhapuri Chappals for Women | Ethnic Sandals
Elevate Your Ethnic Style: Women's Kolhapuri Chappals,https://styvorafashion.com/kolhapurichappalsforwomenethnicsandals/images/elevate-your-ethnic-style-women-s-kolhapuri-chappals.jpg,Kolhapuri Chappals for Women | Ethnic Sandals,,"Step into tradition with a modern twist! Discover our exquisite Kolhapuri Chappals for women, featuring intricate mirror and beadwork. Perfect for pairing with ethnic wear like this embroidered kurta set, these handcrafted beauties offer unparalleled comfort and chic elegance. A must-have for your Indian fashion collection! 

 #KolhapuriChappals #WomensFootwear #IndianFashion #EthnicWear #Handcrafted #TraditionalChappals #StyleStatement",https://styvorafashion.com/kolhapurichappalsforwomenethnicsandals/elevate-your-ethnic-style-women-s-kolhapuri-chappals.html,,Kolhapuri Chappals for Women | Ethnic Sandals
Maroon & Gold Kolhapuri Chappals for Women | Festive Ethnic Footwear,https://styvorafashion.com/kolhapurichappalsforwomenethnicsandals/images/maroon-gold-kolhapuri-chappals-for-women-festive-ethnic-footwear.jpg,Kolhapuri Chappals for Women | Ethnic Sandals,,"Step into tradition with our stunning maroon Kolhapuri Chappals for women. Featuring elegant black straps with intricate braided gold-plated accents, these handcrafted sandals offer comfort & ethnic charm. Perfect for festive occasions or adding a touch of Indian elegance to your daily wear. Elevate your style with authentic Kolhapuri craftsmanship! 

 #KolhapuriChappals #WomensFootwear #IndianFashion #EthnicWear #FestiveFootwear #MaroonChappals #Handcrafted",https://styvorafashion.com/kolhapurichappalsforwomenethnicsandals/maroon-gold-kolhapuri-chappals-for-women-festive-ethnic-footwear.html,,Kolhapuri Chappals for Women | Ethnic Sandals
Chic Grey & Olive Kolhapuri Chappals | Handcrafted for Women in India,https://styvorafashion.com/kolhapurichappalsforwomenethnicsandals/images/chic-grey-olive-kolhapuri-chappals-handcrafted-for-women-in-india.jpg,Kolhapuri Chappals for Women | Ethnic Sandals,,"Step into style with our elegant grey and olive Kolhapuri chappals. Handcrafted with intricate golden braiding and a comfy toe-loop, these traditional Indian sandals offer a modern twist. Perfect for daily wear, festive occasions, or elevating your ethnic look. Experience comfort & authentic craftsmanship. 

 #KolhapuriChappals #WomensFootwear #EthnicFashion #IndianSandals #Handcrafted #GreyKolhapuri #TraditionalFootwear #SummerStyle",https://styvorafashion.com/kolhapurichappalsforwomenethnicsandals/chic-grey-olive-kolhapuri-chappals-handcrafted-for-women-in-india.html,,Kolhapuri Chappals for Women | Ethnic Sandals
Elegant Blue Kolhapuri Chappals for Women - Handcrafted Indian Footwear,https://styvorafashion.com/kolhapurichappalsforwomenethnicsandals/images/elegant-blue-kolhapuri-chappals-for-women-handcrafted-indian-footwear.jpg,Kolhapuri Chappals for Women | Ethnic Sandals,,"Elevate your style with these serene blue Kolhapuri chappals for women. Handcrafted with beautiful braided patterns and delicate tassels, they offer traditional charm & modern comfort. Ideal for daily wear, festive occasions, or a fashionable statement. Shop genuine Indian footwear. 

 #KolhapuriChappals #WomensFashion #IndianStyle #EthnicFootwear #Handcrafted #BlueSandals #TraditionalChappal #FashionIndia",https://styvorafashion.com/kolhapurichappalsforwomenethnicsandals/elegant-blue-kolhapuri-chappals-for-women-handcrafted-indian-footwear.html,,Kolhapuri Chappals for Women | Ethnic Sandals
Rose Gold Kolhapuri Chappals for Women: Ethnic Flat Sandals,https://styvorafashion.com/kolhapurichappalsforwomenethnicsandals/images/rose-gold-kolhapuri-chappals-for-women-ethnic-flat-sandals.jpg,Kolhapuri Chappals for Women | Ethnic Sandals,,"Step into elegance with our stunning Rose Gold Kolhapuri Chappals for women. These handcrafted ethnic flat sandals feature intricate metallic straps, a comfortable blush pink sole, and a classic toe-loop design. Perfect for festive wear, casual outings, or adding a touch of traditional Indian charm to any outfit. Shop stylish Kolhapuri sandals today! 

 #KolhapuriChappals #WomensSandals #EthnicFootwear #IndianFashion #RoseGold #Flats #Traditional #ShopNow",https://styvorafashion.com/kolhapurichappalsforwomenethnicsandals/rose-gold-kolhapuri-chappals-for-women-ethnic-flat-sandals.html,,Kolhapuri Chappals for Women | Ethnic Sandals
Golden Kolhapuri Chappals for Women: Elevate Your Ethnic Style,https://styvorafashion.com/kolhapurichappalsforwomenethnicsandals/images/golden-kolhapuri-chappals-for-women-elevate-your-ethnic-style.jpg,Kolhapuri Chappals for Women | Ethnic Sandals,,"Step into tradition & comfort with our exquisite Golden Kolhapuri Chappals for women. Featuring intricate woven straps & a stylish artificial toe ring, these sandals perfectly complement festive Indian wear. Shop the latest ethnic footwear trends for timeless elegance & everyday comfort in India. 

 #KolhapuriChappals #WomensFootwear #EthnicFashion #IndianSandals #FestiveStyle #Handcrafted #FashionIndia",https://styvorafashion.com/kolhapurichappalsforwomenethnicsandals/golden-kolhapuri-chappals-for-women-elevate-your-ethnic-style.html,,Kolhapuri Chappals for Women | Ethnic Sandals
Vibrant Multicolored Beaded Kolhapuri Chappals for Women | Ethnic Flats,https://styvorafashion.com/kolhapurichappalsforwomenethnicsandals/images/vibrant-multicolored-beaded-kolhapuri-chappals-for-women-ethnic-flats.jpg,Kolhapuri Chappals for Women | Ethnic Sandals,,"Step out in style with our exquisite Kolhapuri Chappals for women. Featuring vibrant multicolored beadwork on comfortable tan flats with a golden trim, these ethnic sandals are perfect for everyday elegance or festive occasions. The intricate design & toe-ring detail offer traditional charm with a modern touch. Shop trendy Indian footwear! 

 #KolhapuriChappals #EthnicFootwear #WomensSandals #IndianFashion #BeadedFlats #FestiveWear #TraditionalChappals",https://styvorafashion.com/kolhapurichappalsforwomenethnicsandals/vibrant-multicolored-beaded-kolhapuri-chappals-for-women-ethnic-flats.html,,Kolhapuri Chappals for Women | Ethnic Sandals
Black & Gold Embroidered Juttis | Luxurious Velvet Mojaris for Women,https://styvorafashion.com/kolhapurichappalsforwomenethnicsandals/images/black-gold-embroidered-juttis-luxurious-velvet-mojaris-for-women.jpg,Kolhapuri Chappals for Women | Ethnic Sandals,,"Step into elegance with our exquisite black velvet juttis. Intricately hand-embroidered with shimmering gold-toned beads & delicate pearls, these festive mojaris are perfect for weddings, parties & ethnic occasions. Experience traditional Indian craftsmanship & comfort. Shop designer juttis for women! 

 #Juttis #Mojaris #EthnicFootwear #IndianFashion #WeddingWear #FestiveJuttis #EmbroideredShoes #WomenFashion #BlackJuttis #HandmadeShoes",https://styvorafashion.com/kolhapurichappalsforwomenethnicsandals/black-gold-embroidered-juttis-luxurious-velvet-mojaris-for-women.html,,Kolhapuri Chappals for Women | Ethnic Sandals
Metallic Silver Woven Kolhapuri Chappals for Women | Indian Handcrafted Footwear,https://styvorafashion.com/kolhapurichappalsforwomenethnicsandals/images/metallic-silver-woven-kolhapuri-chappals-for-women-indian-handcrafted-footwear.jpg,Kolhapuri Chappals for Women | Ethnic Sandals,,"Elevate your Indian fashion with our stunning silver woven Kolhapuri Chappals for women. These handcrafted ethnic flats offer a perfect blend of traditional design and modern metallic flair. Experience comfort and style, whether for festive occasions or daily wear. A must-have in your footwear collection. 

 #KolhapuriChappals #WomensFashionIndia #SilverFlats #EthnicFootwear #Handcrafted #TraditionalSandals #IndianStyle #Shoetopia",https://styvorafashion.com/kolhapurichappalsforwomenethnicsandals/metallic-silver-woven-kolhapuri-chappals-for-women-indian-handcrafted-footwear.html,,Kolhapuri Chappals for Women | Ethnic Sandals
Kolhapuri Chappal Collection: Gold Embroidered Ethnic Flats for Women,https://styvorafashion.com/kolhapurichappalsforwomenethnicsandals/images/kolhapuri-chappal-collection-gold-embroidered-ethnic-flats-for-women.jpg,Kolhapuri Chappals for Women | Ethnic Sandals,,"Discover exquisite ethnic flats for women from our Kolhapuri Chappal collection. These elegant gold embroidered juttis offer comfort & traditional style for any occasion. Perfect traditional Indian footwear to elevate your wardrobe. Shop timeless designs for festive and everyday wear. Made for the modern Indian woman. 

 #KolhapuriChappals #WomensEthnicFootwear #IndianFlats #EmbroideredJuttis #TraditionalShoes #FashionIndia #GoldEmbroidery #EthnicChic #PartyWearJuttis #KolhapuriStyle",https://styvorafashion.com/kolhapurichappalsforwomenethnicsandals/kolhapuri-chappal-collection-gold-embroidered-ethnic-flats-for-women.html,,Kolhapuri Chappals for Women | Ethnic Sandals
Elegant White & Gold Embroidered Juttis for Women,https://styvorafashion.com/kolhapurichappalsforwomenethnicsandals/images/elegant-white-gold-embroidered-juttis-for-women.jpg,Kolhapuri Chappals for Women | Ethnic Sandals,,"Step into tradition with our exquisite white and gold embroidered juttis. These handcrafted ethnic flats feature intricate zari work, perfect for festivals, weddings, or adding a touch of Indian elegance to any casual or festive outfit. Discover comfortable & stylish women's juttis in India. 

 #JuttisForWomen #EmbroideredJuttis #IndianFootwear #EthnicFlats #WhiteJutti #GoldEmbroidery #FashionIndia #Mojari #TraditionalShoes #HandcraftedJuttis",https://styvorafashion.com/kolhapurichappalsforwomenethnicsandals/elegant-white-gold-embroidered-juttis-for-women.html,,Kolhapuri Chappals for Women | Ethnic Sandals
Chic Pink Embroidered Juttis for Women | Ethnic Flats India,https://styvorafashion.com/kolhapurichappalsforwomenethnicsandals/images/chic-pink-embroidered-juttis-for-women-ethnic-flats-india.jpg,Kolhapuri Chappals for Women | Ethnic Sandals,,"Step into style with our beautiful pink embroidered juttis for women. Featuring intricate traditional patterns, these comfortable ethnic flats are perfect for festive occasions, everyday wear, or adding a fusion touch to your outfit. Discover elegant Indian footwear that blends tradition with modern fashion. Shop now for your next favorite pair! 

 #PinkJuttis #EmbroideredFlats #EthnicFootwear #WomensJuttis #IndianFashion #MojariStyle #FusionWear #FlatsForWomen",https://styvorafashion.com/kolhapurichappalsforwomenethnicsandals/chic-pink-embroidered-juttis-for-women-ethnic-flats-india.html,,Kolhapuri Chappals for Women | Ethnic Sandals
Vibrant Embroidered Kolhapuri Chappals: Your Go-To for Ethnic Chic,https://styvorafashion.com/kolhapurichappalsforwomenethnicsandals/images/vibrant-embroidered-kolhapuri-chappals-your-go-to-for-ethnic-chic.jpg,Kolhapuri Chappals for Women | Ethnic Sandals,,"Step out in style with our handcrafted embroidered Kolhapuri Chappals for women. Featuring vibrant floral patterns, these comfortable and versatile ethnic sandals are perfect for daily wear or pairing with your favorite kurti & jeans. Elevate your Indian fashion game effortlessly. Shop the latest collection today! 

 #KolhapuriChappals #WomensSandals #EthnicFootwear #IndianFashion #Embroidered #Handmade #TraditionalChappals #FashionIndia #Style",https://styvorafashion.com/kolhapurichappalsforwomenethnicsandals/vibrant-embroidered-kolhapuri-chappals-your-go-to-for-ethnic-chic.html,,Kolhapuri Chappals for Women | Ethnic Sandals
Timeless Style: Brown Woven Kolhapuri Chappals for Women,https://styvorafashion.com/kolhapurichappalsforwomenethnicsandals/images/timeless-style-brown-woven-kolhapuri-chappals-for-women.jpg,Kolhapuri Chappals for Women | Ethnic Sandals,,"Step into tradition with a modern twist! Our stunning brown woven Kolhapuri chappals for women offer the perfect blend of ethnic charm & comfort. Ideal for everyday elegance or festive wear, these flats are a must-have in your Indian footwear collection. Shop the latest trend in women's fashion from India. 

 #KolhapuriChappals #WomensFootwear #IndianFashion #EthnicFlats #BrownSandals #TraditionalStyle #FashionIndia",https://styvorafashion.com/kolhapurichappalsforwomenethnicsandals/timeless-style-brown-woven-kolhapuri-chappals-for-women.html,,Kolhapuri Chappals for Women | Ethnic Sandals
Golden Embroidered Kolhapuri Chappals for Women | Anouk Ethnic Footwear,https://styvorafashion.com/kolhapurichappalsforwomenethnicsandals/images/golden-embroidered-kolhapuri-chappals-for-women-anouk-ethnic-footwear.jpg,Kolhapuri Chappals for Women | Ethnic Sandals,,"Step into elegance with our exquisite golden Kolhapuri Chappals for women by Anouk. These traditional Indian sandals feature intricate embroidery & sequin work, perfect for festive occasions, ethnic wear, or adding a touch of glamour to your everyday style. Comfortable and chic, a must-have for your footwear collection. Shop now! 

 #KolhapuriChappals #WomenFootwear #EthnicFashion #IndianSandals #Anouk #GoldenChappals #FestiveWear #India",https://styvorafashion.com/kolhapurichappalsforwomenethnicsandals/golden-embroidered-kolhapuri-chappals-for-women-anouk-ethnic-footwear.html,,Kolhapuri Chappals for Women | Ethnic Sandals
Blush & Bloom: Handcrafted Kolhapuri Chappals for Women,https://styvorafashion.com/kolhapurichappalsforwomenethnicsandals/images/blush-bloom-handcrafted-kolhapuri-chappals-for-women.jpg,Kolhapuri Chappals for Women | Ethnic Sandals,,"Step into comfort & style with our blush pink Kolhapuri Chappals for women. Featuring exquisite floral embroidery, these traditional Indian sandals are perfect for daily elegance or festive flair. Elevate your ethnic look effortlessly with this handcrafted footwear. Shop the latest women's Kolhapuri collection! 

 #KolhapuriChappals #WomenFashion #IndianFootwear #Embroidered #PinkSandals #EthnicStyle #ComfortChappals",https://styvorafashion.com/kolhapurichappalsforwomenethnicsandals/blush-bloom-handcrafted-kolhapuri-chappals-for-women.html,,Kolhapuri Chappals for Women | Ethnic Sandals
Kolhapuri Chappals & Embroidered Juttis for Women | Shop Ethnic Flats,https://styvorafashion.com/kolhapurichappalsforwomenethnicsandals/images/kolhapuri-chappals-embroidered-juttis-for-women-shop-ethnic-flats.jpg,Kolhapuri Chappals for Women | Ethnic Sandals,,"Discover exquisite women's ethnic footwear! From traditional Kolhapuri Chappals to stunning embroidered Juttis, find your perfect pair. These elegant maroon & gold flats add festive charm to any outfit. Handcrafted for comfort & style, ideal for weddings, festivals, and daily wear. Explore our collection today! 

 #KolhapuriChappals #JuttisForWomen #EthnicFlats #IndianFootwear #FestiveFashion #MaroonGold #HandmadeShoes #Viora",https://styvorafashion.com/kolhapurichappalsforwomenethnicsandals/kolhapuri-chappals-embroidered-juttis-for-women-shop-ethnic-flats.html,,Kolhapuri Chappals for Women | Ethnic Sandals
Sparkling Embellished Kolhapuri Chappals for Women | Traditional Beige Flats,https://styvorafashion.com/kolhapurichappalsforwomenethnicsandals/images/sparkling-embellished-kolhapuri-chappals-for-women-traditional-beige-flats.jpg,Kolhapuri Chappals for Women | Ethnic Sandals,,"Step out in style with our elegant beige Kolhapuri chappals for women. Featuring intricate crystal-like embellishments on the broad strap & toe ring with artificial stone detailing, these traditional Indian flats offer a perfect blend of comfort & ethnic charm. Ideal for festive wear or special occasions. Shop the latest collection for women's fashion in India. 

 #KolhapuriChappals #WomenFootwear #IndianFashion #EthnicFlats #EmbellishedSandals #BeigeChappals #LadiesFashion #FestiveWear #ShopNow",https://styvorafashion.com/kolhapurichappalsforwomenethnicsandals/sparkling-embellished-kolhapuri-chappals-for-women-traditional-beige-flats.html,,Kolhapuri Chappals for Women | Ethnic Sandals
Vibrant Embroidered Kolhapuri Chappals for Women | Shop Ethnic Indian Footwear,https://styvorafashion.com/kolhapurichappalsforwomenethnicsandals/images/vibrant-embroidered-kolhapuri-chappals-for-women-shop-ethnic-indian-footwear.jpg,Kolhapuri Chappals for Women | Ethnic Sandals,,"Step into tradition with our exquisite Kolhapuri Chappals for women. These handcrafted sandals feature vibrant floral embroidery & a comfortable design, perfect for elevating your ethnic and casual outfits. Discover the timeless charm of Indian footwear. 

 #KolhapuriChappals #WomensFootwear #IndianFashion #EthnicSandals #HandcraftedFootwear #TraditionalStyle",https://styvorafashion.com/kolhapurichappalsforwomenethnicsandals/vibrant-embroidered-kolhapuri-chappals-for-women-shop-ethnic-indian-footwear.html,,Kolhapuri Chappals for Women | Ethnic Sandals
Vibrant Kolhapuri Chappals for Women: Ethnic Indian Footwear with Colorful Straps,https://styvorafashion.com/kolhapurichappalsforwomenethnicsandals/images/vibrant-kolhapuri-chappals-for-women-ethnic-indian-footwear-with-colorful-straps.jpg,Kolhapuri Chappals for Women | Ethnic Sandals,,"Step into style with our vibrant Kolhapuri Chappals for women. These ethnic Indian sandals feature eye-catching multi-colored woven straps & intricate beaded details. Offering comfort & traditional charm, they're perfect for daily wear or festive occasions. Elevate your Indian fashion statement effortlessly. 

 #KolhapuriChappals #WomensSandals #IndianFashion #EthnicFootwear #ColorfulChappals #TraditionalStyle #IndiaTrend #LadiesHub",https://styvorafashion.com/kolhapurichappalsforwomenethnicsandals/vibrant-kolhapuri-chappals-for-women-ethnic-indian-footwear-with-colorful-straps.html,,Kolhapuri Chappals for Women | Ethnic Sandals
Discover Kolhapuri Chappals: Handcrafted Elegance for Every Woman,https://styvorafashion.com/kolhapurichappalsforwomenethnicsandals/images/discover-kolhapuri-chappals-handcrafted-elegance-for-every-woman.jpg,Kolhapuri Chappals for Women | Ethnic Sandals,,"Step into timeless tradition with our exquisite Kolhapuri Chappals for women. Handcrafted designs add a touch of grace to your ethnic wear & daily outfits. Explore comfortable, stylish flats that celebrate India's rich heritage. Perfect for festivals, weddings, or everyday elegance. Shop the finest Indian footwear today! 

 #KolhapuriChappals #WomensFootwear #IndianFashion #EthnicWear #Juttis #TraditionalFootwear #IndiaStyle #Flats",https://styvorafashion.com/kolhapurichappalsforwomenethnicsandals/discover-kolhapuri-chappals-handcrafted-elegance-for-every-woman.html,,Kolhapuri Chappals for Women | Ethnic Sandals
Elegance & Comfort: Grey Embroidered Kolhapuri Chappals for Women,https://styvorafashion.com/kolhapurichappalsforwomenethnicsandals/images/elegance-comfort-grey-embroidered-kolhapuri-chappals-for-women.jpg,Kolhapuri Chappals for Women | Ethnic Sandals,,"Step into comfort & style with our grey embroidered Kolhapuri chappals for women. These handcrafted ethnic sandals feature exquisite sequin details, perfect for adding a touch of traditional elegance to your everyday or festive Indian wear. Experience the perfect blend of fashion & ease with these must-have Kolhapuri sandals for the modern woman. 

 #KolhapuriChappals #WomenFootwear #EthnicSandals #IndianFashion #GreyChappals #EmbroideredStyle #ShopNow",https://styvorafashion.com/kolhapurichappalsforwomenethnicsandals/elegance-comfort-grey-embroidered-kolhapuri-chappals-for-women.html,,Kolhapuri Chappals for Women | Ethnic Sandals
Sparkling Black Kolhapuri Chappals for Women - Beaded & Chic,https://styvorafashion.com/kolhapurichappalsforwomenethnicsandals/images/sparkling-black-kolhapuri-chappals-for-women-beaded-chic.jpg,Kolhapuri Chappals for Women | Ethnic Sandals,,"Elevate your ethnic style with these stunning black Kolhapuri chappals for women. Featuring intricate silver & black beadwork, fringed embellishments, and a comfortable toe-ring design. Perfect for festive occasions, weddings, or adding a traditional touch to any outfit. Step out in unique Indian craftsmanship & modern elegance. 

 #KolhapuriChappals #WomensFootwear #EthnicFashion #BeadedSandals #FestiveWear #IndianStyle #BlackChappals",https://styvorafashion.com/kolhapurichappalsforwomenethnicsandals/sparkling-black-kolhapuri-chappals-for-women-beaded-chic.html,,Kolhapuri Chappals for Women | Ethnic Sandals
Sparkling Embellished Kolhapuri Chappals for Women | Festive Heels,https://styvorafashion.com/kolhapurichappalsforwomenethnicsandals/images/sparkling-embellished-kolhapuri-chappals-for-women-festive-heels.jpg,Kolhapuri Chappals for Women | Ethnic Sandals,,"Step out in style with Viora's embellished Kolhapuri chappals for women. These stunning rose gold heels feature intricate pearl and gold-toned beadwork, offering a blend of traditional elegance & modern comfort. Perfect for festive occasions, weddings, & parties across India. Elevate your ethnic look with these glamorous sandals! 

 #KolhapuriChappals #WomensFootwear #EmbellishedSandals #FestiveFashion #IndianEthnic #HeelsForWomen #VioraFashion #PartyWear",https://styvorafashion.com/kolhapurichappalsforwomenethnicsandals/sparkling-embellished-kolhapuri-chappals-for-women-festive-heels.html,,Kolhapuri Chappals for Women | Ethnic Sandals
Exquisite Floral Embroidered Kolhapuri Chappals for Women - Traditional & Stylish,https://styvorafashion.com/kolhapurichappalsforwomenethnicsandals/images/exquisite-floral-embroidered-kolhapuri-chappals-for-women-traditional-stylish.jpg,Kolhapuri Chappals for Women | Ethnic Sandals,,"Step out in style with our stunning Kolhapuri Chappals for women. Featuring delicate pastel floral embroidery & sparkling artificial embellishments on white straps, these flats blend traditional Indian craftsmanship with modern elegance. Perfect for ethnic wear, festive occasions, or daily chic. Experience comfort & timeless design. 

 #KolhapuriChappals #WomensFootwear #EthnicFlats #IndianFashion #FloralChappals #TraditionalFootwear #Handcrafted",https://styvorafashion.com/kolhapurichappalsforwomenethnicsandals/exquisite-floral-embroidered-kolhapuri-chappals-for-women-traditional-stylish.html,,Kolhapuri Chappals for Women | Ethnic Sandals
Embroidered Kolhapuri Chappals for Women | Modern Flat Sandals with Bling,https://styvorafashion.com/kolhapurichappalsforwomenethnicsandals/images/embroidered-kolhapuri-chappals-for-women-modern-flat-sandals-with-bling.jpg,Kolhapuri Chappals for Women | Ethnic Sandals,,"Step out in style with our contemporary Kolhapuri-inspired chappals for women. These comfortable flat sandals feature intricate floral embroidery on the strap, dazzling artificial bling on the toe loop, and a unique flamingo sole design. Perfect for adding a touch of ethnic elegance to any outfit, from casual to festive occasions in India. 

 #KolhapuriChappals #WomensSandals #EmbroideredFootwear #IndianFashion #EthnicFlats #FashionIndia #Chappals",https://styvorafashion.com/kolhapurichappalsforwomenethnicsandals/embroidered-kolhapuri-chappals-for-women-modern-flat-sandals-with-bling.html,,Kolhapuri Chappals for Women | Ethnic Sandals
Dazzling Black Embroidered Kolhapuri Chappals for Women | Shop Ethnic Flats,https://styvorafashion.com/kolhapurichappalsforwomenethnicsandals/images/dazzling-black-embroidered-kolhapuri-chappals-for-women-shop-ethnic-flats.jpg,Kolhapuri Chappals for Women | Ethnic Sandals,,"Step into style with our elegant black embroidered Kolhapuri Chappals for women. These stunning ethnic flats feature intricate white & silver floral designs & dazzling embellishments, perfect for festive occasions or daily chic. A blend of traditional artistry & modern comfort, elevating your Indian fashion statement. 

 #KolhapuriChappals #WomensFootwear #EthnicFashion #IndianStyle #EmbellishedFlats #BlackChappals #FestiveWear #Juttis #FashionIndia",https://styvorafashion.com/kolhapurichappalsforwomenethnicsandals/dazzling-black-embroidered-kolhapuri-chappals-for-women-shop-ethnic-flats.html,,Kolhapuri Chappals for Women | Ethnic Sandals
Graceful Pink Kolhapuri Chappals for Women | Footloose Comfort,https://styvorafashion.com/kolhapurichappalsforwomenethnicsandals/images/graceful-pink-kolhapuri-chappals-for-women-footloose-comfort.jpg,Kolhapuri Chappals for Women | Ethnic Sandals,,"Step into elegance with Footloose pink Kolhapuri Chappals for women. These comfortable & stylish Indian sandals feature a charming braided toe-ring strap & unique decorative detail. Perfect for adding a touch of traditional ethnic flair to your everyday look or special occasions. Embrace fashion & comfort! 

 #KolhapuriChappals #WomensFootwear #IndianFashion #EthnicChic #Footloose #PinkSandals #ComfortStyle #TraditionMeetsTrend",https://styvorafashion.com/kolhapurichappalsforwomenethnicsandals/graceful-pink-kolhapuri-chappals-for-women-footloose-comfort.html,,Kolhapuri Chappals for Women | Ethnic Sandals
